Drugbank_id,Uniprot_id,Score
DB08059,P53350,0.90664005
DB12010,P53350,0.9953433
DB12062,P53350,0.8637517
