Drugbank_id,Uniprot_id,Score
DB00398,P07949,0.99555224
DB05294,P07949,0.97093344
DB08875,P07949,0.9885276
DB08896,P07949,0.99684286
DB08901,P07949,0.9974699
DB09078,P07949,0.99275655
DB12010,P07949,0.9999789
DB15685,P07949,0.9900303
DB15822,P07949,0.992046
