Drugbank_id,Uniprot_id,Score
DB08865,Q04912,0.97690165
DB12010,Q04912,0.9985545
