Drugbank_id,Uniprot_id,Score
DB01254,P29317,0.99288976
DB08896,P29317,0.9910695
DB12010,P29317,0.99995506
