Drugbank_id,Uniprot_id,Score
DB03496,Q00534,0.9962422
DB09073,Q00534,0.94696414
DB11730,Q00534,0.9938957
DB12001,Q00534,0.99664795
DB15442,Q00534,0.9976432
