,Uniprot_id,DrugBank_id,Affinity,Mean_5_poses
0,P53350,DB05229,-8.633,-8.3888
0,P53350,DB13940,-5.786,-5.627000000000001
0,P53350,DB00905,-7.51,-7.2661999999999995
0,P53350,DB08897,-7.829,-7.600800000000001
0,P53350,DB00725,-1.087,-0.9897400000000001
0,P53350,DB00866,-6.763,-6.662000000000001
0,P53350,DB05152,-6.176,-5.8944
0,P53350,DB08808,-6.878,-6.5322000000000005
0,P53350,DB01297,-6.315,-6.115399999999999
0,P53350,DB00335,-6.417,-6.2534
