,Uniprot_id,DrugBank_id,Affinity,Mean_5_poses
0,P00533,DB00942,-7.818,-7.6944
0,P00533,DB00387,-7.53,-7.411199999999999
0,P00533,DB00725,-1.049,-0.9254999999999999
0,P00533,DB06787,-7.618,-7.3208
0,P00533,DB00209,-8.819,-8.6852
0,P00533,DB00383,-8.29,-7.889
0,P00533,DB01064,-6.617,-6.4336
0,P00533,DB00986,-7.445,-7.1888000000000005
0,P00533,DB00771,-7.57,-7.4096
0,P00533,DB04843,-7.88,-7.6392
