,Uniprot_id,DrugBank_id,Affinity,Mean_5_poses
0,P53350,DB02587,-8.077,-7.796199999999999
0,P53350,DB04216,-7.757,-7.598400000000001
0,P53350,DB01017,-8.339,-7.9887999999999995
0,P53350,DB11718,-8.778,-8.605
0,P53350,DB01645,-7.621,-7.512600000000001
0,P53350,DB12695,-5.798,-5.7488
0,P53350,DB00945,-6.186,-6.0398
0,P53350,DB08912,-9.411,-9.1428
0,P53350,DB01254,-8.326,-8.130999999999998
0,P53350,DB14989,-9.751,-9.4612
